user_genome	classification	closest_genome_reference	closest_genome_reference_radius	closest_genome_taxonomy	closest_genome_ani	closest_genome_af	closest_placement_reference	closest_placement_radius	closest_placement_taxonomy	closest_placement_ani	closest_placement_af	pplacer_taxonomy	classification_method	note	other_related_references(genome_id,species_name,radius,ANI,AF)	msa_percent	translation_table	red_value	warnings
F.gallinarum-JCM-17207.fna	d__Bacteria;p__Bacillota_A;c__Clostridia;o__Oscillospirales;f__Ruminococcaceae;g__Faecalibacterium;s__Faecalibacterium gallinarum	GCF_022180365.1	95.0	d__Bacteria;p__Bacillota_A;c__Clostridia;o__Oscillospirales;f__Ruminococcaceae;g__Faecalibacterium;s__Faecalibacterium gallinarum	100.0	1.0	GCF_022180365.1	95.0	d__Bacteria;p__Bacillota_A;c__Clostridia;o__Oscillospirales;f__Ruminococcaceae;g__Faecalibacterium;s__Faecalibacterium gallinarum	100.0	1.0	d__Bacteria;p__Bacillota_A;c__Clostridia;o__Oscillospirales;f__Ruminococcaceae;g__Faecalibacterium;s__	taxonomic classification defined by topology and ANI	topological placement and ANI have congruent species assignments	GCA_018883885.1, s__Faecalibacterium intestinavium, 95.0, 87.34, 0.494; GCF_002160895.1, s__Faecalibacterium sp002160895, 95.0, 84.14, 0.257; GCA_944386015.1, s__Faecalibacterium sp944386015, 95.0, 83.28, 0.244; GCA_944387955.1, s__Faecalibacterium sp944387955, 95.0, 83.17, 0.244; GCA_019119685.1, s__Faecalibacterium faecigallinarum, 95.0, 82.76, 0.23; GCA_019118985.1, s__Faecalibacterium faecipullorum, 95.0, 82.74, 0.194; GCA_019113345.1, s__Faecalibacterium intestinigallinarum, 95.0, 82.68, 0.217; GCA_019116585.1, s__Faecalibacterium gallistercoris, 95.0, 82.6, 0.23; GCA_904394215.1, s__Faecalibacterium sp904394215, 95.0, 82.51, 0.209; GCA_944385995.1, s__Faecalibacterium sp944385995, 95.0, 82.42, 0.186; GCA_019112805.1, s__Faecalibacterium avium, 95.0, 81.58, 0.193	94.06	11	N/A	N/A
GCA_002160175.fna	d__Bacteria;p__Bacillota_A;c__Clostridia;o__Oscillospirales;f__Ruminococcaceae;g__Faecalibacterium;s__Faecalibacterium sp002160895	GCF_002160895.1	95.0	d__Bacteria;p__Bacillota_A;c__Clostridia;o__Oscillospirales;f__Ruminococcaceae;g__Faecalibacterium;s__Faecalibacterium sp002160895	97.53	0.797	GCF_002160895.1	95.0	d__Bacteria;p__Bacillota_A;c__Clostridia;o__Oscillospirales;f__Ruminococcaceae;g__Faecalibacterium;s__Faecalibacterium sp002160895	97.53	0.797	d__Bacteria;p__Bacillota_A;c__Clostridia;o__Oscillospirales;f__Ruminococcaceae;g__Faecalibacterium;s__	taxonomic classification defined by topology and ANI	topological placement and ANI have congruent species assignments	GCA_944385995.1, s__Faecalibacterium sp944385995, 95.0, 89.48, 0.667; GCA_944386015.1, s__Faecalibacterium sp944386015, 95.0, 88.66, 0.624; GCA_904394215.1, s__Faecalibacterium sp904394215, 95.0, 88.12, 0.562; GCA_019116585.1, s__Faecalibacterium gallistercoris, 95.0, 86.9, 0.511; GCA_019119685.1, s__Faecalibacterium faecigallinarum, 95.0, 86.86, 0.506; GCA_019113345.1, s__Faecalibacterium intestinigallinarum, 95.0, 86.49, 0.452; GCA_019112805.1, s__Faecalibacterium avium, 95.0, 85.62, 0.44; GCA_944387975.1, s__Faecalibacterium sp944387975, 95.0, 85.23, 0.332; GCA_019118985.1, s__Faecalibacterium faecipullorum, 95.0, 85.19, 0.366; GCF_022180365.1, s__Faecalibacterium gallinarum, 95.0, 84.12, 0.262; GCA_018883885.1, s__Faecalibacterium intestinavium, 95.0, 83.19, 0.226; GCA_944387955.1, s__Faecalibacterium sp944387955, 95.0, 81.99, 0.154	93.13	11	N/A	N/A
GCA_002160895.fna	d__Bacteria;p__Bacillota_A;c__Clostridia;o__Oscillospirales;f__Ruminococcaceae;g__Faecalibacterium;s__Faecalibacterium sp002160895	GCF_002160895.1	95.0	d__Bacteria;p__Bacillota_A;c__Clostridia;o__Oscillospirales;f__Ruminococcaceae;g__Faecalibacterium;s__Faecalibacterium sp002160895	100.0	1.0	GCF_002160895.1	95.0	d__Bacteria;p__Bacillota_A;c__Clostridia;o__Oscillospirales;f__Ruminococcaceae;g__Faecalibacterium;s__Faecalibacterium sp002160895	100.0	1.0	d__Bacteria;p__Bacillota_A;c__Clostridia;o__Oscillospirales;f__Ruminococcaceae;g__Faecalibacterium;s__	taxonomic classification defined by topology and ANI	topological placement and ANI have congruent species assignments	GCA_944385995.1, s__Faecalibacterium sp944385995, 95.0, 89.39, 0.681; GCA_944386015.1, s__Faecalibacterium sp944386015, 95.0, 88.61, 0.625; GCA_904394215.1, s__Faecalibacterium sp904394215, 95.0, 87.88, 0.56; GCA_019119685.1, s__Faecalibacterium faecigallinarum, 95.0, 86.96, 0.502; GCA_019116585.1, s__Faecalibacterium gallistercoris, 95.0, 86.74, 0.486; GCA_019113345.1, s__Faecalibacterium intestinigallinarum, 95.0, 86.44, 0.447; GCA_019112805.1, s__Faecalibacterium avium, 95.0, 85.71, 0.444; GCA_019118985.1, s__Faecalibacterium faecipullorum, 95.0, 85.26, 0.357; GCA_944387975.1, s__Faecalibacterium sp944387975, 95.0, 85.16, 0.335; GCF_022180365.1, s__Faecalibacterium gallinarum, 95.0, 84.14, 0.257; GCA_018883885.1, s__Faecalibacterium intestinavium, 95.0, 83.43, 0.219; GCA_944387955.1, s__Faecalibacterium sp944387955, 95.0, 82.3, 0.15	93.96	11	N/A	N/A
GCA_002160915.fna	d__Bacteria;p__Bacillota_A;c__Clostridia;o__Oscillospirales;f__Ruminococcaceae;g__Faecalibacterium;s__Faecalibacterium avium	GCA_019112805.1	95.0	d__Bacteria;p__Bacillota_A;c__Clostridia;o__Oscillospirales;f__Ruminococcaceae;g__Faecalibacterium;s__Faecalibacterium avium	98.3	0.905	GCA_019112805.1	95.0	d__Bacteria;p__Bacillota_A;c__Clostridia;o__Oscillospirales;f__Ruminococcaceae;g__Faecalibacterium;s__Faecalibacterium avium	98.3	0.905	d__Bacteria;p__Bacillota_A;c__Clostridia;o__Oscillospirales;f__Ruminococcaceae;g__Faecalibacterium;s__	taxonomic classification defined by topology and ANI	topological placement and ANI have congruent species assignments	GCA_019116585.1, s__Faecalibacterium gallistercoris, 95.0, 87.43, 0.526; GCA_019119685.1, s__Faecalibacterium faecigallinarum, 95.0, 87.06, 0.519; GCA_019113345.1, s__Faecalibacterium intestinigallinarum, 95.0, 86.53, 0.476; GCA_019118985.1, s__Faecalibacterium faecipullorum, 95.0, 86.35, 0.465; GCF_002160895.1, s__Faecalibacterium sp002160895, 95.0, 85.69, 0.404; GCA_944386015.1, s__Faecalibacterium sp944386015, 95.0, 85.55, 0.46; GCA_944387975.1, s__Faecalibacterium sp944387975, 95.0, 85.54, 0.404; GCA_904394215.1, s__Faecalibacterium sp904394215, 95.0, 84.99, 0.391; GCA_944385995.1, s__Faecalibacterium sp944385995, 95.0, 84.57, 0.374; GCF_022180365.1, s__Faecalibacterium gallinarum, 95.0, 82.87, 0.205; GCA_018883885.1, s__Faecalibacterium intestinavium, 95.0, 82.47, 0.197	94.82	11	N/A	N/A
GCA_002161315.fna	d__Bacteria;p__Bacillota_A;c__Clostridia;o__Oscillospirales;f__Ruminococcaceae;g__Faecalibacterium;s__Faecalibacterium sp002160895	GCF_002160895.1	95.0	d__Bacteria;p__Bacillota_A;c__Clostridia;o__Oscillospirales;f__Ruminococcaceae;g__Faecalibacterium;s__Faecalibacterium sp002160895	97.37	0.8	GCF_002160895.1	95.0	d__Bacteria;p__Bacillota_A;c__Clostridia;o__Oscillospirales;f__Ruminococcaceae;g__Faecalibacterium;s__Faecalibacterium sp002160895	97.37	0.8	d__Bacteria;p__Bacillota_A;c__Clostridia;o__Oscillospirales;f__Ruminococcaceae;g__Faecalibacterium;s__	taxonomic classification defined by topology and ANI	topological placement and ANI have congruent species assignments	GCA_944385995.1, s__Faecalibacterium sp944385995, 95.0, 89.46, 0.674; GCA_944386015.1, s__Faecalibacterium sp944386015, 95.0, 88.66, 0.622; GCA_904394215.1, s__Faecalibacterium sp904394215, 95.0, 87.79, 0.56; GCA_019116585.1, s__Faecalibacterium gallistercoris, 95.0, 86.92, 0.492; GCA_019119685.1, s__Faecalibacterium faecigallinarum, 95.0, 86.8, 0.486; GCA_019113345.1, s__Faecalibacterium intestinigallinarum, 95.0, 86.45, 0.454; GCA_019112805.1, s__Faecalibacterium avium, 95.0, 85.63, 0.454; GCA_019118985.1, s__Faecalibacterium faecipullorum, 95.0, 85.41, 0.356; GCA_944387975.1, s__Faecalibacterium sp944387975, 95.0, 85.03, 0.327; GCA_018883885.1, s__Faecalibacterium intestinavium, 95.0, 83.82, 0.224; GCF_022180365.1, s__Faecalibacterium gallinarum, 95.0, 83.72, 0.245; GCA_944387955.1, s__Faecalibacterium sp944387955, 95.0, 82.37, 0.156	93.96	11	N/A	N/A
GCA_002161515.fna	d__Bacteria;p__Bacillota_A;c__Clostridia;o__Oscillospirales;f__Ruminococcaceae;g__Faecalibacterium;s__Faecalibacterium avium	GCA_019112805.1	95.0	d__Bacteria;p__Bacillota_A;c__Clostridia;o__Oscillospirales;f__Ruminococcaceae;g__Faecalibacterium;s__Faecalibacterium avium	98.42	0.927	GCA_019112805.1	95.0	d__Bacteria;p__Bacillota_A;c__Clostridia;o__Oscillospirales;f__Ruminococcaceae;g__Faecalibacterium;s__Faecalibacterium avium	98.42	0.927	d__Bacteria;p__Bacillota_A;c__Clostridia;o__Oscillospirales;f__Ruminococcaceae;g__Faecalibacterium;s__	taxonomic classification defined by topology and ANI	topological placement and ANI have congruent species assignments	GCA_019116585.1, s__Faecalibacterium gallistercoris, 95.0, 87.59, 0.533; GCA_019119685.1, s__Faecalibacterium faecigallinarum, 95.0, 87.31, 0.53; GCA_019113345.1, s__Faecalibacterium intestinigallinarum, 95.0, 86.43, 0.486; GCA_019118985.1, s__Faecalibacterium faecipullorum, 95.0, 86.08, 0.462; GCF_002160895.1, s__Faecalibacterium sp002160895, 95.0, 86.08, 0.401; GCA_944386015.1, s__Faecalibacterium sp944386015, 95.0, 86.02, 0.468; GCA_944387975.1, s__Faecalibacterium sp944387975, 95.0, 85.48, 0.401; GCA_904394215.1, s__Faecalibacterium sp904394215, 95.0, 85.4, 0.4; GCA_944385995.1, s__Faecalibacterium sp944385995, 95.0, 84.51, 0.373; GCA_018883885.1, s__Faecalibacterium intestinavium, 95.0, 82.81, 0.201; GCF_022180365.1, s__Faecalibacterium gallinarum, 95.0, 82.64, 0.209	94.82	11	N/A	N/A
GCA_017889475.fna	d__Bacteria;p__Bacillota_A;c__Clostridia;o__Oscillospirales;f__Ruminococcaceae;g__Faecalibacterium;s__Faecalibacterium intestinigallinarum	GCA_019113345.1	95.0	d__Bacteria;p__Bacillota_A;c__Clostridia;o__Oscillospirales;f__Ruminococcaceae;g__Faecalibacterium;s__Faecalibacterium intestinigallinarum	98.24	0.861	GCA_019113345.1	95.0	d__Bacteria;p__Bacillota_A;c__Clostridia;o__Oscillospirales;f__Ruminococcaceae;g__Faecalibacterium;s__Faecalibacterium intestinigallinarum	98.24	0.861	d__Bacteria;p__Bacillota_A;c__Clostridia;o__Oscillospirales;f__Ruminococcaceae;g__Faecalibacterium;s__	taxonomic classification defined by topology and ANI	topological placement and ANI have congruent species assignments	GCA_019119685.1, s__Faecalibacterium faecigallinarum, 95.0, 90.24, 0.672; GCA_019116585.1, s__Faecalibacterium gallistercoris, 95.0, 90.04, 0.645; GCA_944387975.1, s__Faecalibacterium sp944387975, 95.0, 89.64, 0.645; GCA_019118985.1, s__Faecalibacterium faecipullorum, 95.0, 89.06, 0.575; GCF_002160895.1, s__Faecalibacterium sp002160895, 95.0, 86.49, 0.449; GCA_019112805.1, s__Faecalibacterium avium, 95.0, 85.88, 0.441; GCA_944386015.1, s__Faecalibacterium sp944386015, 95.0, 85.53, 0.392; GCA_944385995.1, s__Faecalibacterium sp944385995, 95.0, 85.13, 0.364; GCA_904394215.1, s__Faecalibacterium sp904394215, 95.0, 84.61, 0.344; GCA_018883885.1, s__Faecalibacterium intestinavium, 95.0, 83.95, 0.224; GCF_022180365.1, s__Faecalibacterium gallinarum, 95.0, 82.58, 0.219	93.09	11	N/A	N/A
GCA_018374075.fna	d__Bacteria;p__Bacillota_A;c__Clostridia;o__Oscillospirales;f__Ruminococcaceae;g__Faecalibacterium;s__Faecalibacterium sp900540455	GCA_900540455.1	95.0	d__Bacteria;p__Bacillota_A;c__Clostridia;o__Oscillospirales;f__Ruminococcaceae;g__Faecalibacterium;s__Faecalibacterium sp900540455	98.77	0.931	GCA_900540455.1	95.0	d__Bacteria;p__Bacillota_A;c__Clostridia;o__Oscillospirales;f__Ruminococcaceae;g__Faecalibacterium;s__Faecalibacterium sp900540455	98.77	0.931	d__Bacteria;p__Bacillota_A;c__Clostridia;o__Oscillospirales;f__Ruminococcaceae;g__Faecalibacterium;s__	taxonomic classification defined by topology and ANI	topological placement and ANI have congruent species assignments	GCF_023347295.1, s__Faecalibacterium sp003449675, 95.0, 81.84, 0.169; GCF_023347235.1, s__Faecalibacterium prausnitzii_A, 95.0, 81.56, 0.156; GCA_934561555.1, s__Faecalibacterium sp934561555, 95.0, 81.45, 0.154; GCA_025757845.1, s__Faecalibacterium sp900539945, 95.0, 81.32, 0.17; GCF_003287495.1, s__Faecalibacterium prausnitzii_I, 95.0, 80.95, 0.155	94.94	11	N/A	N/A
GCA_019116585.fna	d__Bacteria;p__Bacillota_A;c__Clostridia;o__Oscillospirales;f__Ruminococcaceae;g__Faecalibacterium;s__Faecalibacterium gallistercoris	GCA_019116585.1	95.0	d__Bacteria;p__Bacillota_A;c__Clostridia;o__Oscillospirales;f__Ruminococcaceae;g__Faecalibacterium;s__Faecalibacterium gallistercoris	100.0	1.0	GCA_019116585.1	95.0	d__Bacteria;p__Bacillota_A;c__Clostridia;o__Oscillospirales;f__Ruminococcaceae;g__Faecalibacterium;s__Faecalibacterium gallistercoris	100.0	1.0	d__Bacteria;p__Bacillota_A;c__Clostridia;o__Oscillospirales;f__Ruminococcaceae;g__Faecalibacterium;s__	taxonomic classification defined by topology and ANI	topological placement and ANI have congruent species assignments	GCA_019119685.1, s__Faecalibacterium faecigallinarum, 95.0, 91.56, 0.728; GCA_019113345.1, s__Faecalibacterium intestinigallinarum, 95.0, 90.19, 0.654; GCA_944387975.1, s__Faecalibacterium sp944387975, 95.0, 89.31, 0.608; GCA_019118985.1, s__Faecalibacterium faecipullorum, 95.0, 88.7, 0.534; GCA_019112805.1, s__Faecalibacterium avium, 95.0, 87.1, 0.502; GCF_002160895.1, s__Faecalibacterium sp002160895, 95.0, 86.74, 0.486; GCA_944386015.1, s__Faecalibacterium sp944386015, 95.0, 86.05, 0.453; GCA_904394215.1, s__Faecalibacterium sp904394215, 95.0, 85.42, 0.395; GCA_944385995.1, s__Faecalibacterium sp944385995, 95.0, 85.4, 0.402; GCA_018883885.1, s__Faecalibacterium intestinavium, 95.0, 83.72, 0.223; GCF_022180365.1, s__Faecalibacterium gallinarum, 95.0, 82.6, 0.23; GCA_025757845.1, s__Faecalibacterium sp900539945, 95.0, 81.27, 0.156	93.72	11	N/A	N/A
GCA_021627765.fna	d__Bacteria;p__Bacillota_A;c__Clostridia;o__Oscillospirales;f__Ruminococcaceae;g__SFJ001;s__SFJ001 sp934513685	GCA_934513685.1	95.0	d__Bacteria;p__Bacillota_A;c__Clostridia;o__Oscillospirales;f__Ruminococcaceae;g__SFJ001;s__SFJ001 sp934513685	98.09	0.923	GCA_934513685.1	95.0	d__Bacteria;p__Bacillota_A;c__Clostridia;o__Oscillospirales;f__Ruminococcaceae;g__SFJ001;s__SFJ001 sp934513685	98.09	0.923	d__Bacteria;p__Bacillota_A;c__Clostridia;o__Oscillospirales;f__Ruminococcaceae;g__SFJ001;s__	taxonomic classification defined by topology and ANI	topological placement and ANI have congruent species assignments	GCA_004555865.1, s__SFJ001 sp004555865, 95.0, 94.21, 0.856	90.59	11	N/A	N/A
GCA_026169355.fna	d__Bacteria;p__Bacillota_A;c__Clostridia;o__Oscillospirales;f__Ruminococcaceae;g__Faecalibacterium;s__Faecalibacterium sp900540455	GCA_900540455.1	95.0	d__Bacteria;p__Bacillota_A;c__Clostridia;o__Oscillospirales;f__Ruminococcaceae;g__Faecalibacterium;s__Faecalibacterium sp900540455	98.35	0.843	GCA_900540455.1	95.0	d__Bacteria;p__Bacillota_A;c__Clostridia;o__Oscillospirales;f__Ruminococcaceae;g__Faecalibacterium;s__Faecalibacterium sp900540455	98.35	0.843	d__Bacteria;p__Bacillota_A;c__Clostridia;o__Oscillospirales;f__Ruminococcaceae;g__Faecalibacterium;s__	taxonomic classification defined by topology and ANI	topological placement and ANI have congruent species assignments	GCF_010509575.1, s__Faecalibacterium duncaniae, 95.0, 82.12, 0.157; GCF_023347295.1, s__Faecalibacterium sp003449675, 95.0, 81.87, 0.16; GCA_025757845.1, s__Faecalibacterium sp900539945, 95.0, 81.25, 0.153	94.22	11	N/A	N/A
GCA_037248125.fna	d__Bacteria;p__Bacillota_A;c__Clostridia;o__Oscillospirales;f__Ruminococcaceae;g__Faecalibacterium;s__Faecalibacterium sp900540455	GCA_900540455.1	95.0	d__Bacteria;p__Bacillota_A;c__Clostridia;o__Oscillospirales;f__Ruminococcaceae;g__Faecalibacterium;s__Faecalibacterium sp900540455	98.6	0.915	GCA_900540455.1	95.0	d__Bacteria;p__Bacillota_A;c__Clostridia;o__Oscillospirales;f__Ruminococcaceae;g__Faecalibacterium;s__Faecalibacterium sp900540455	98.6	0.915	d__Bacteria;p__Bacillota_A;c__Clostridia;o__Oscillospirales;f__Ruminococcaceae;g__Faecalibacterium;s__	taxonomic classification defined by topology and ANI	topological placement and ANI have congruent species assignments	GCF_023347235.1, s__Faecalibacterium prausnitzii_A, 95.0, 83.02, 0.168; GCF_002549775.1, s__Faecalibacterium prausnitzii_F, 95.0, 82.95, 0.157; GCF_003324185.1, s__Faecalibacterium prausnitzii, 95.0, 82.94, 0.16; GCA_934513205.1, s__Faecalibacterium sp934513205, 95.0, 82.89, 0.151; GCF_023347295.1, s__Faecalibacterium sp003449675, 95.0, 82.79, 0.164; GCF_010509575.1, s__Faecalibacterium duncaniae, 95.0, 82.79, 0.152; GCA_025757845.1, s__Faecalibacterium sp900539945, 95.0, 82.59, 0.167; GCF_019967995.1, s__Faecalibacterium prausnitzii_E, 95.0, 82.45, 0.163	90.74	11	N/A	N/A
GCA_047234385.fna	d__Bacteria;p__Bacillota_A;c__Clostridia;o__Oscillospirales;f__Ruminococcaceae;g__Faecalibacterium;s__Faecalibacterium sp900540455	GCA_900540455.1	95.0	d__Bacteria;p__Bacillota_A;c__Clostridia;o__Oscillospirales;f__Ruminococcaceae;g__Faecalibacterium;s__Faecalibacterium sp900540455	98.68	0.921	GCA_900540455.1	95.0	d__Bacteria;p__Bacillota_A;c__Clostridia;o__Oscillospirales;f__Ruminococcaceae;g__Faecalibacterium;s__Faecalibacterium sp900540455	98.68	0.921	d__Bacteria;p__Bacillota_A;c__Clostridia;o__Oscillospirales;f__Ruminococcaceae;g__Faecalibacterium;s__	taxonomic classification defined by topology and ANI	topological placement and ANI have congruent species assignments	GCF_023347295.1, s__Faecalibacterium sp003449675, 95.0, 82.48, 0.179; GCF_023347235.1, s__Faecalibacterium prausnitzii_A, 95.0, 82.21, 0.161; GCF_003324185.1, s__Faecalibacterium prausnitzii, 95.0, 82.02, 0.158; GCF_019967995.1, s__Faecalibacterium prausnitzii_E, 95.0, 81.6, 0.158; GCA_934513205.1, s__Faecalibacterium sp934513205, 95.0, 81.53, 0.152; GCA_934503275.1, s__Faecalibacterium sp934503275, 95.0, 81.46, 0.16; GCA_025757845.1, s__Faecalibacterium sp900539945, 95.0, 81.16, 0.154	95.79	11	N/A	N/A
GCA_048220945.fna	d__Bacteria;p__Bacillota_A;c__Clostridia;o__Oscillospirales;f__Ruminococcaceae;g__Faecalibacterium;s__Faecalibacterium sp900540455	GCA_900540455.1	95.0	d__Bacteria;p__Bacillota_A;c__Clostridia;o__Oscillospirales;f__Ruminococcaceae;g__Faecalibacterium;s__Faecalibacterium sp900540455	98.53	0.87	GCA_900540455.1	95.0	d__Bacteria;p__Bacillota_A;c__Clostridia;o__Oscillospirales;f__Ruminococcaceae;g__Faecalibacterium;s__Faecalibacterium sp900540455	98.53	0.87	d__Bacteria;p__Bacillota_A;c__Clostridia;o__Oscillospirales;f__Ruminococcaceae;g__Faecalibacterium;s__	taxonomic classification defined by topology and ANI	topological placement and ANI have congruent species assignments	GCF_023347235.1, s__Faecalibacterium prausnitzii_A, 95.0, 81.89, 0.166; GCF_023347295.1, s__Faecalibacterium sp003449675, 95.0, 81.8, 0.176; GCF_003324185.1, s__Faecalibacterium prausnitzii, 95.0, 81.35, 0.164; GCF_019967995.1, s__Faecalibacterium prausnitzii_E, 95.0, 81.22, 0.155; GCA_025757845.1, s__Faecalibacterium sp900539945, 95.0, 81.07, 0.157	95.79	11	N/A	N/A
GCA_048383475.fna	d__Bacteria;p__Bacillota_A;c__Clostridia;o__Oscillospirales;f__Ruminococcaceae;g__Faecalibacterium;s__Faecalibacterium sp900540455	GCA_900540455.1	95.0	d__Bacteria;p__Bacillota_A;c__Clostridia;o__Oscillospirales;f__Ruminococcaceae;g__Faecalibacterium;s__Faecalibacterium sp900540455	98.77	0.905	GCA_900540455.1	95.0	d__Bacteria;p__Bacillota_A;c__Clostridia;o__Oscillospirales;f__Ruminococcaceae;g__Faecalibacterium;s__Faecalibacterium sp900540455	98.77	0.905	d__Bacteria;p__Bacillota_A;c__Clostridia;o__Oscillospirales;f__Ruminococcaceae;g__Faecalibacterium;s__	taxonomic classification defined by topology and ANI	topological placement and ANI have congruent species assignments	GCF_010509575.1, s__Faecalibacterium duncaniae, 95.0, 81.84, 0.152; GCF_023347295.1, s__Faecalibacterium sp003449675, 95.0, 81.64, 0.165; GCF_023347235.1, s__Faecalibacterium prausnitzii_A, 95.0, 81.45, 0.155; GCA_934561555.1, s__Faecalibacterium sp934561555, 95.0, 81.38, 0.153; GCF_002549775.1, s__Faecalibacterium prausnitzii_F, 95.0, 81.32, 0.152; GCF_023347535.1, s__Faecalibacterium sp900539885, 95.0, 81.13, 0.152; GCA_025757845.1, s__Faecalibacterium sp900539945, 95.0, 80.77, 0.164	94.94	11	N/A	N/A
GCA_048396855.fna	d__Bacteria;p__Bacillota_A;c__Clostridia;o__Oscillospirales;f__Ruminococcaceae;g__Faecalibacterium;s__Faecalibacterium sp900540455	GCA_900540455.1	95.0	d__Bacteria;p__Bacillota_A;c__Clostridia;o__Oscillospirales;f__Ruminococcaceae;g__Faecalibacterium;s__Faecalibacterium sp900540455	98.71	0.914	GCA_900540455.1	95.0	d__Bacteria;p__Bacillota_A;c__Clostridia;o__Oscillospirales;f__Ruminococcaceae;g__Faecalibacterium;s__Faecalibacterium sp900540455	98.71	0.914	d__Bacteria;p__Bacillota_A;c__Clostridia;o__Oscillospirales;f__Ruminococcaceae;g__Faecalibacterium;s__	taxonomic classification defined by topology and ANI	topological placement and ANI have congruent species assignments	GCF_003324185.1, s__Faecalibacterium prausnitzii, 95.0, 82.47, 0.161; GCF_023347235.1, s__Faecalibacterium prausnitzii_A, 95.0, 81.94, 0.152; GCF_019967995.1, s__Faecalibacterium prausnitzii_E, 95.0, 81.84, 0.159; GCA_025757845.1, s__Faecalibacterium sp900539945, 95.0, 81.75, 0.159; GCF_023347295.1, s__Faecalibacterium sp003449675, 95.0, 81.74, 0.178; GCF_023347535.1, s__Faecalibacterium sp900539885, 95.0, 81.45, 0.158; GCF_002549775.1, s__Faecalibacterium prausnitzii_F, 95.0, 81.34, 0.152	94.66	11	N/A	N/A
GCA_048526205.fna	d__Bacteria;p__Bacillota_A;c__Clostridia;o__Oscillospirales;f__Ruminococcaceae;g__Faecalibacterium;s__Faecalibacterium sp900540455	GCA_900540455.1	95.0	d__Bacteria;p__Bacillota_A;c__Clostridia;o__Oscillospirales;f__Ruminococcaceae;g__Faecalibacterium;s__Faecalibacterium sp900540455	98.39	0.869	GCA_900540455.1	95.0	d__Bacteria;p__Bacillota_A;c__Clostridia;o__Oscillospirales;f__Ruminococcaceae;g__Faecalibacterium;s__Faecalibacterium sp900540455	98.39	0.869	d__Bacteria;p__Bacillota_A;c__Clostridia;o__Oscillospirales;f__Ruminococcaceae;g__Faecalibacterium;s__	taxonomic classification defined by topology and ANI	topological placement and ANI have congruent species assignments	GCF_003324185.1, s__Faecalibacterium prausnitzii, 95.0, 82.1, 0.162; GCF_023347235.1, s__Faecalibacterium prausnitzii_A, 95.0, 81.77, 0.152; GCA_025757845.1, s__Faecalibacterium sp900539945, 95.0, 81.53, 0.159; GCF_019967995.1, s__Faecalibacterium prausnitzii_E, 95.0, 81.44, 0.154; GCF_023347295.1, s__Faecalibacterium sp003449675, 95.0, 81.3, 0.171; GCF_002549775.1, s__Faecalibacterium prausnitzii_F, 95.0, 80.21, 0.15	94.8	11	N/A	N/A
GCA_900540455.fna	d__Bacteria;p__Bacillota_A;c__Clostridia;o__Oscillospirales;f__Ruminococcaceae;g__Faecalibacterium;s__Faecalibacterium sp900540455	GCA_900540455.1	95.0	d__Bacteria;p__Bacillota_A;c__Clostridia;o__Oscillospirales;f__Ruminococcaceae;g__Faecalibacterium;s__Faecalibacterium sp900540455	100.0	1.0	GCA_900540455.1	95.0	d__Bacteria;p__Bacillota_A;c__Clostridia;o__Oscillospirales;f__Ruminococcaceae;g__Faecalibacterium;s__Faecalibacterium sp900540455	100.0	1.0	d__Bacteria;p__Bacillota_A;c__Clostridia;o__Oscillospirales;f__Ruminococcaceae;g__Faecalibacterium;s__	taxonomic classification defined by topology and ANI	topological placement and ANI have congruent species assignments	GCF_023347295.1, s__Faecalibacterium sp003449675, 95.0, 81.74, 0.162; GCF_019967995.1, s__Faecalibacterium prausnitzii_E, 95.0, 81.59, 0.153; GCA_025757845.1, s__Faecalibacterium sp900539945, 95.0, 81.36, 0.155; GCA_934503275.1, s__Faecalibacterium sp934503275, 95.0, 81.14, 0.15	90.25	11	N/A	N/A
GCA_900771545.fna	d__Bacteria;p__Bacillota_A;c__Clostridia;o__Oscillospirales;f__Ruminococcaceae;g__Faecalibacterium;s__Faecalibacterium sp900540455	GCA_900540455.1	95.0	d__Bacteria;p__Bacillota_A;c__Clostridia;o__Oscillospirales;f__Ruminococcaceae;g__Faecalibacterium;s__Faecalibacterium sp900540455	98.72	0.87	GCA_900540455.1	95.0	d__Bacteria;p__Bacillota_A;c__Clostridia;o__Oscillospirales;f__Ruminococcaceae;g__Faecalibacterium;s__Faecalibacterium sp900540455	98.72	0.87	d__Bacteria;p__Bacillota_A;c__Clostridia;o__Oscillospirales;f__Ruminococcaceae;g__Faecalibacterium;s__	taxonomic classification defined by topology and ANI	topological placement and ANI have congruent species assignments	GCF_023347235.1, s__Faecalibacterium prausnitzii_A, 95.0, 82.55, 0.158; GCF_003324185.1, s__Faecalibacterium prausnitzii, 95.0, 81.94, 0.154; GCF_019967995.1, s__Faecalibacterium prausnitzii_E, 95.0, 81.8, 0.158; GCF_023347295.1, s__Faecalibacterium sp003449675, 95.0, 81.63, 0.164; GCA_025757845.1, s__Faecalibacterium sp900539945, 95.0, 81.4, 0.163; GCF_023347535.1, s__Faecalibacterium sp900539885, 95.0, 81.29, 0.159	94.16	11	N/A	N/A
GCA_902476985.fna	d__Bacteria;p__Bacillota_A;c__Clostridia;o__Oscillospirales;f__Ruminococcaceae;g__Faecalibacterium;s__Faecalibacterium sp900540455	GCA_900540455.1	95.0	d__Bacteria;p__Bacillota_A;c__Clostridia;o__Oscillospirales;f__Ruminococcaceae;g__Faecalibacterium;s__Faecalibacterium sp900540455	98.69	0.885	GCA_900540455.1	95.0	d__Bacteria;p__Bacillota_A;c__Clostridia;o__Oscillospirales;f__Ruminococcaceae;g__Faecalibacterium;s__Faecalibacterium sp900540455	98.69	0.885	d__Bacteria;p__Bacillota_A;c__Clostridia;o__Oscillospirales;f__Ruminococcaceae;g__Faecalibacterium;s__	taxonomic classification defined by topology and ANI	topological placement and ANI have congruent species assignments	GCF_023347295.1, s__Faecalibacterium sp003449675, 95.0, 82.49, 0.17; GCF_023347235.1, s__Faecalibacterium prausnitzii_A, 95.0, 82.41, 0.158; GCF_010509575.1, s__Faecalibacterium duncaniae, 95.0, 82.08, 0.151; GCF_019967995.1, s__Faecalibacterium prausnitzii_E, 95.0, 81.89, 0.161; GCF_023347535.1, s__Faecalibacterium sp900539885, 95.0, 81.79, 0.156; GCF_003324185.1, s__Faecalibacterium prausnitzii, 95.0, 81.77, 0.154; GCA_025757845.1, s__Faecalibacterium sp900539945, 95.0, 81.49, 0.16; GCA_934503275.1, s__Faecalibacterium sp934503275, 95.0, 81.38, 0.15	95.79	11	N/A	N/A
GCA_902490705.fna	d__Bacteria;p__Bacillota_A;c__Clostridia;o__Oscillospirales;f__Ruminococcaceae;g__Gemmiger;s__Gemmiger qucibialis	GCA_004000625.1	95.0	d__Bacteria;p__Bacillota_A;c__Clostridia;o__Oscillospirales;f__Ruminococcaceae;g__Gemmiger;s__Gemmiger qucibialis	98.71	0.877	GCA_004000625.1	95.0	d__Bacteria;p__Bacillota_A;c__Clostridia;o__Oscillospirales;f__Ruminococcaceae;g__Gemmiger;s__Gemmiger qucibialis	98.71	0.877	d__Bacteria;p__Bacillota_A;c__Clostridia;o__Oscillospirales;f__Ruminococcaceae;g__Gemmiger;s__	taxonomic classification defined by topology and ANI	topological placement and ANI have congruent species assignments	N/A	93.98	11	N/A	N/A
GCA_904419615.fna	d__Bacteria;p__Bacillota_A;c__Clostridia;o__Oscillospirales;f__Ruminococcaceae;g__Faecalibacterium;s__Faecalibacterium gallistercoris	GCA_019116585.1	95.0	d__Bacteria;p__Bacillota_A;c__Clostridia;o__Oscillospirales;f__Ruminococcaceae;g__Faecalibacterium;s__Faecalibacterium gallistercoris	98.32	0.863	GCA_019116585.1	95.0	d__Bacteria;p__Bacillota_A;c__Clostridia;o__Oscillospirales;f__Ruminococcaceae;g__Faecalibacterium;s__Faecalibacterium gallistercoris	98.32	0.863	d__Bacteria;p__Bacillota_A;c__Clostridia;o__Oscillospirales;f__Ruminococcaceae;g__Faecalibacterium;s__	taxonomic classification defined by topology and ANI	topological placement and ANI have congruent species assignments	GCA_019119685.1, s__Faecalibacterium faecigallinarum, 95.0, 91.66, 0.759; GCA_019113345.1, s__Faecalibacterium intestinigallinarum, 95.0, 90.22, 0.663; GCA_944387975.1, s__Faecalibacterium sp944387975, 95.0, 89.2, 0.608; GCA_019118985.1, s__Faecalibacterium faecipullorum, 95.0, 88.56, 0.533; GCA_019112805.1, s__Faecalibacterium avium, 95.0, 87.32, 0.523; GCF_002160895.1, s__Faecalibacterium sp002160895, 95.0, 86.38, 0.48; GCA_944386015.1, s__Faecalibacterium sp944386015, 95.0, 86.37, 0.458; GCA_944385995.1, s__Faecalibacterium sp944385995, 95.0, 85.49, 0.408; GCA_904394215.1, s__Faecalibacterium sp904394215, 95.0, 85.3, 0.39; GCA_018883885.1, s__Faecalibacterium intestinavium, 95.0, 83.5, 0.223; GCF_022180365.1, s__Faecalibacterium gallinarum, 95.0, 83.04, 0.24	92.1	11	N/A	N/A
GCA_905205425.fna	d__Bacteria;p__Bacillota_A;c__Clostridia;o__Oscillospirales;f__Ruminococcaceae;g__Gemmiger;s__Gemmiger qucibialis	GCA_004000625.1	95.0	d__Bacteria;p__Bacillota_A;c__Clostridia;o__Oscillospirales;f__Ruminococcaceae;g__Gemmiger;s__Gemmiger qucibialis	98.55	0.875	GCA_004000625.1	95.0	d__Bacteria;p__Bacillota_A;c__Clostridia;o__Oscillospirales;f__Ruminococcaceae;g__Gemmiger;s__Gemmiger qucibialis	98.55	0.875	d__Bacteria;p__Bacillota_A;c__Clostridia;o__Oscillospirales;f__Ruminococcaceae;g__Gemmiger;s__	taxonomic classification defined by topology and ANI	topological placement and ANI have congruent species assignments	N/A	94.9	11	N/A	N/A
GCA_905207885.fna	d__Bacteria;p__Bacillota_A;c__Clostridia;o__Oscillospirales;f__Ruminococcaceae;g__Faecalibacterium;s__Faecalibacterium sp900540455	GCA_900540455.1	95.0	d__Bacteria;p__Bacillota_A;c__Clostridia;o__Oscillospirales;f__Ruminococcaceae;g__Faecalibacterium;s__Faecalibacterium sp900540455	98.32	0.897	GCA_900540455.1	95.0	d__Bacteria;p__Bacillota_A;c__Clostridia;o__Oscillospirales;f__Ruminococcaceae;g__Faecalibacterium;s__Faecalibacterium sp900540455	98.32	0.897	d__Bacteria;p__Bacillota_A;c__Clostridia;o__Oscillospirales;f__Ruminococcaceae;g__Faecalibacterium;s__	taxonomic classification defined by topology and ANI	topological placement and ANI have congruent species assignments	GCF_023347295.1, s__Faecalibacterium sp003449675, 95.0, 82.21, 0.176; GCF_003287455.1, s__Faecalibacterium hattorii, 95.0, 82.15, 0.153; GCF_019967995.1, s__Faecalibacterium prausnitzii_E, 95.0, 81.9, 0.157; GCF_023347235.1, s__Faecalibacterium prausnitzii_A, 95.0, 81.84, 0.151; GCA_025757845.1, s__Faecalibacterium sp900539945, 95.0, 81.57, 0.165; GCA_934503275.1, s__Faecalibacterium sp934503275, 95.0, 81.45, 0.159; GCF_003324185.1, s__Faecalibacterium prausnitzii, 95.0, 81.45, 0.156; GCF_003287495.1, s__Faecalibacterium prausnitzii_I, 95.0, 81.01, 0.151	93.8	11	N/A	N/A
GCA_930980505.fna	d__Bacteria;p__Bacillota_A;c__Clostridia;o__Oscillospirales;f__Ruminococcaceae;g__Faecalibacterium;s__Faecalibacterium sp904394215	GCA_904394215.1	95.0	d__Bacteria;p__Bacillota_A;c__Clostridia;o__Oscillospirales;f__Ruminococcaceae;g__Faecalibacterium;s__Faecalibacterium sp904394215	99.99	0.997	GCA_904394215.1	95.0	d__Bacteria;p__Bacillota_A;c__Clostridia;o__Oscillospirales;f__Ruminococcaceae;g__Faecalibacterium;s__Faecalibacterium sp904394215	99.99	0.997	d__Bacteria;p__Bacillota_A;c__Clostridia;o__Oscillospirales;f__Ruminococcaceae;g__Faecalibacterium;s__	taxonomic classification defined by topology and ANI	topological placement and ANI have congruent species assignments	GCA_944386015.1, s__Faecalibacterium sp944386015, 95.0, 92.3, 0.802; GCA_944385995.1, s__Faecalibacterium sp944385995, 95.0, 88.32, 0.621; GCF_002160895.1, s__Faecalibacterium sp002160895, 95.0, 87.81, 0.472; GCA_019116585.1, s__Faecalibacterium gallistercoris, 95.0, 85.75, 0.411; GCA_019119685.1, s__Faecalibacterium faecigallinarum, 95.0, 85.51, 0.425; GCA_019112805.1, s__Faecalibacterium avium, 95.0, 85.15, 0.417; GCA_019113345.1, s__Faecalibacterium intestinigallinarum, 95.0, 85.03, 0.37; GCA_019118985.1, s__Faecalibacterium faecipullorum, 95.0, 84.83, 0.32; GCA_944387975.1, s__Faecalibacterium sp944387975, 95.0, 83.85, 0.29; GCA_018883885.1, s__Faecalibacterium intestinavium, 95.0, 83.58, 0.212; GCF_022180365.1, s__Faecalibacterium gallinarum, 95.0, 83.18, 0.221; GCA_944387955.1, s__Faecalibacterium sp944387955, 95.0, 81.83, 0.154	94.1	11	N/A	N/A
GCA_930987275.fna	d__Bacteria;p__Bacillota_A;c__Clostridia;o__Oscillospirales;f__Ruminococcaceae;g__Faecalibacterium;s__Faecalibacterium gallistercoris	GCA_019116585.1	95.0	d__Bacteria;p__Bacillota_A;c__Clostridia;o__Oscillospirales;f__Ruminococcaceae;g__Faecalibacterium;s__Faecalibacterium gallistercoris	98.33	0.868	GCA_019116585.1	95.0	d__Bacteria;p__Bacillota_A;c__Clostridia;o__Oscillospirales;f__Ruminococcaceae;g__Faecalibacterium;s__Faecalibacterium gallistercoris	98.33	0.868	d__Bacteria;p__Bacillota_A;c__Clostridia;o__Oscillospirales;f__Ruminococcaceae;g__Faecalibacterium;s__	taxonomic classification defined by topology and ANI	topological placement and ANI have congruent species assignments	GCA_019119685.1, s__Faecalibacterium faecigallinarum, 95.0, 91.5, 0.757; GCA_019113345.1, s__Faecalibacterium intestinigallinarum, 95.0, 90.32, 0.669; GCA_944387975.1, s__Faecalibacterium sp944387975, 95.0, 89.25, 0.608; GCA_019118985.1, s__Faecalibacterium faecipullorum, 95.0, 88.58, 0.542; GCA_019112805.1, s__Faecalibacterium avium, 95.0, 87.22, 0.507; GCF_002160895.1, s__Faecalibacterium sp002160895, 95.0, 86.51, 0.431; GCA_944386015.1, s__Faecalibacterium sp944386015, 95.0, 86.16, 0.447; GCA_944385995.1, s__Faecalibacterium sp944385995, 95.0, 85.49, 0.394; GCA_904394215.1, s__Faecalibacterium sp904394215, 95.0, 85.07, 0.379; GCA_018883885.1, s__Faecalibacterium intestinavium, 95.0, 83.81, 0.228; GCF_022180365.1, s__Faecalibacterium gallinarum, 95.0, 82.39, 0.193	93.8	11	N/A	N/A
GCA_944386405.fna	d__Bacteria;p__Bacillota_A;c__Clostridia;o__Oscillospirales;f__Ruminococcaceae;g__Faecalibacterium;s__Faecalibacterium gallinarum	GCF_022180365.1	95.0	d__Bacteria;p__Bacillota_A;c__Clostridia;o__Oscillospirales;f__Ruminococcaceae;g__Faecalibacterium;s__Faecalibacterium gallinarum	98.15	0.917	GCF_022180365.1	95.0	d__Bacteria;p__Bacillota_A;c__Clostridia;o__Oscillospirales;f__Ruminococcaceae;g__Faecalibacterium;s__Faecalibacterium gallinarum	98.15	0.917	d__Bacteria;p__Bacillota_A;c__Clostridia;o__Oscillospirales;f__Ruminococcaceae;g__Faecalibacterium;s__	taxonomic classification defined by topology and ANI	topological placement and ANI have congruent species assignments	GCA_018883885.1, s__Faecalibacterium intestinavium, 95.0, 87.09, 0.492; GCA_944387955.1, s__Faecalibacterium sp944387955, 95.0, 83.19, 0.248; GCA_944386015.1, s__Faecalibacterium sp944386015, 95.0, 82.9, 0.239; GCF_002160895.1, s__Faecalibacterium sp002160895, 95.0, 82.87, 0.244; GCA_019116585.1, s__Faecalibacterium gallistercoris, 95.0, 82.63, 0.238; GCA_019118985.1, s__Faecalibacterium faecipullorum, 95.0, 82.54, 0.195; GCA_019113345.1, s__Faecalibacterium intestinigallinarum, 95.0, 82.53, 0.205; GCA_019119685.1, s__Faecalibacterium faecigallinarum, 95.0, 82.37, 0.232; GCA_944385995.1, s__Faecalibacterium sp944385995, 95.0, 82.29, 0.189; GCA_904394215.1, s__Faecalibacterium sp904394215, 95.0, 81.88, 0.21; GCA_019112805.1, s__Faecalibacterium avium, 95.0, 81.49, 0.184	94.1	11	N/A	N/A
GCA_944386825.fna	d__Bacteria;p__Bacillota_A;c__Clostridia;o__Oscillospirales;f__Ruminococcaceae;g__Faecalibacterium;s__Faecalibacterium faecigallinarum	GCA_019119685.1	95.0	d__Bacteria;p__Bacillota_A;c__Clostridia;o__Oscillospirales;f__Ruminococcaceae;g__Faecalibacterium;s__Faecalibacterium faecigallinarum	97.7	0.85	GCA_019119685.1	95.0	d__Bacteria;p__Bacillota_A;c__Clostridia;o__Oscillospirales;f__Ruminococcaceae;g__Faecalibacterium;s__Faecalibacterium faecigallinarum	97.7	0.85	d__Bacteria;p__Bacillota_A;c__Clostridia;o__Oscillospirales;f__Ruminococcaceae;g__Faecalibacterium;s__	taxonomic classification defined by topology and ANI	topological placement and ANI have congruent species assignments	GCA_019116585.1, s__Faecalibacterium gallistercoris, 95.0, 91.44, 0.728; GCA_019113345.1, s__Faecalibacterium intestinigallinarum, 95.0, 90.42, 0.692; GCA_944387975.1, s__Faecalibacterium sp944387975, 95.0, 89.27, 0.619; GCA_019118985.1, s__Faecalibacterium faecipullorum, 95.0, 88.28, 0.539; GCA_019112805.1, s__Faecalibacterium avium, 95.0, 87.01, 0.514; GCF_002160895.1, s__Faecalibacterium sp002160895, 95.0, 86.69, 0.492; GCA_944386015.1, s__Faecalibacterium sp944386015, 95.0, 86.39, 0.462; GCA_944385995.1, s__Faecalibacterium sp944385995, 95.0, 85.73, 0.411; GCA_904394215.1, s__Faecalibacterium sp904394215, 95.0, 85.64, 0.403; GCA_018883885.1, s__Faecalibacterium intestinavium, 95.0, 83.46, 0.223; GCF_022180365.1, s__Faecalibacterium gallinarum, 95.0, 83.28, 0.241; GCA_025757845.1, s__Faecalibacterium sp900539945, 95.0, 81.24, 0.154	94.62	11	N/A	N/A
GCA_944387985.fna	d__Bacteria;p__Bacillota_A;c__Clostridia;o__Oscillospirales;f__Ruminococcaceae;g__Faecalibacterium;s__Faecalibacterium gallistercoris	GCA_019116585.1	95.0	d__Bacteria;p__Bacillota_A;c__Clostridia;o__Oscillospirales;f__Ruminococcaceae;g__Faecalibacterium;s__Faecalibacterium gallistercoris	98.44	0.877	GCA_019116585.1	95.0	d__Bacteria;p__Bacillota_A;c__Clostridia;o__Oscillospirales;f__Ruminococcaceae;g__Faecalibacterium;s__Faecalibacterium gallistercoris	98.44	0.877	d__Bacteria;p__Bacillota_A;c__Clostridia;o__Oscillospirales;f__Ruminococcaceae;g__Faecalibacterium;s__	taxonomic classification defined by topology and ANI	topological placement and ANI have congruent species assignments	GCA_019119685.1, s__Faecalibacterium faecigallinarum, 95.0, 91.66, 0.77; GCA_019113345.1, s__Faecalibacterium intestinigallinarum, 95.0, 90.42, 0.66; GCA_944387975.1, s__Faecalibacterium sp944387975, 95.0, 89.34, 0.607; GCA_019118985.1, s__Faecalibacterium faecipullorum, 95.0, 88.23, 0.547; GCA_019112805.1, s__Faecalibacterium avium, 95.0, 87.31, 0.505; GCF_002160895.1, s__Faecalibacterium sp002160895, 95.0, 86.24, 0.445; GCA_944386015.1, s__Faecalibacterium sp944386015, 95.0, 86.21, 0.455; GCA_904394215.1, s__Faecalibacterium sp904394215, 95.0, 85.48, 0.388; GCA_944385995.1, s__Faecalibacterium sp944385995, 95.0, 85.24, 0.399; GCA_018883885.1, s__Faecalibacterium intestinavium, 95.0, 83.86, 0.225; GCF_022180365.1, s__Faecalibacterium gallinarum, 95.0, 82.98, 0.225; GCA_944387955.1, s__Faecalibacterium sp944387955, 95.0, 82.11, 0.152	95.65	11	N/A	N/A
GCA_946499345.fna	d__Bacteria;p__Bacillota_A;c__Clostridia;o__Oscillospirales;f__Ruminococcaceae;g__Faecalibacterium;s__Faecalibacterium faecigallinarum	GCA_019119685.1	95.0	d__Bacteria;p__Bacillota_A;c__Clostridia;o__Oscillospirales;f__Ruminococcaceae;g__Faecalibacterium;s__Faecalibacterium faecigallinarum	98.11	0.881	GCA_019119685.1	95.0	d__Bacteria;p__Bacillota_A;c__Clostridia;o__Oscillospirales;f__Ruminococcaceae;g__Faecalibacterium;s__Faecalibacterium faecigallinarum	98.11	0.881	d__Bacteria;p__Bacillota_A;c__Clostridia;o__Oscillospirales;f__Ruminococcaceae;g__Faecalibacterium;s__	taxonomic classification defined by topology and ANI	topological placement and ANI have congruent species assignments	GCA_019116585.1, s__Faecalibacterium gallistercoris, 95.0, 91.44, 0.741; GCA_019113345.1, s__Faecalibacterium intestinigallinarum, 95.0, 90.62, 0.698; GCA_944387975.1, s__Faecalibacterium sp944387975, 95.0, 89.25, 0.619; GCA_019118985.1, s__Faecalibacterium faecipullorum, 95.0, 88.12, 0.544; GCA_019112805.1, s__Faecalibacterium avium, 95.0, 87.15, 0.526; GCF_002160895.1, s__Faecalibacterium sp002160895, 95.0, 86.29, 0.434; GCA_944386015.1, s__Faecalibacterium sp944386015, 95.0, 86.28, 0.451; GCA_904394215.1, s__Faecalibacterium sp904394215, 95.0, 85.53, 0.387; GCA_944385995.1, s__Faecalibacterium sp944385995, 95.0, 85.52, 0.399; GCF_022180365.1, s__Faecalibacterium gallinarum, 95.0, 84.08, 0.248; GCA_018883885.1, s__Faecalibacterium intestinavium, 95.0, 83.84, 0.23; GCA_014858325.1, s__Faecalibacterium sp014858325, 95.0, 83.14, 0.15; GCA_934526125.1, s__Faecalibacterium sp934526125, 95.0, 81.01, 0.152	95.67	11	N/A	N/A
GCA_949298965.fna	d__Bacteria;p__Bacillota_A;c__Clostridia;o__Oscillospirales;f__Ruminococcaceae;g__Faecalibacterium;s__Faecalibacterium faecigallinarum	GCA_019119685.1	95.0	d__Bacteria;p__Bacillota_A;c__Clostridia;o__Oscillospirales;f__Ruminococcaceae;g__Faecalibacterium;s__Faecalibacterium faecigallinarum	97.52	0.839	GCA_019119685.1	95.0	d__Bacteria;p__Bacillota_A;c__Clostridia;o__Oscillospirales;f__Ruminococcaceae;g__Faecalibacterium;s__Faecalibacterium faecigallinarum	97.52	0.839	d__Bacteria;p__Bacillota_A;c__Clostridia;o__Oscillospirales;f__Ruminococcaceae;g__Faecalibacterium;s__	taxonomic classification defined by topology and ANI	topological placement and ANI have congruent species assignments	GCA_019116585.1, s__Faecalibacterium gallistercoris, 95.0, 91.44, 0.701; GCA_019113345.1, s__Faecalibacterium intestinigallinarum, 95.0, 90.42, 0.671; GCA_944387975.1, s__Faecalibacterium sp944387975, 95.0, 89.3, 0.612; GCA_019118985.1, s__Faecalibacterium faecipullorum, 95.0, 87.91, 0.519; GCF_002160895.1, s__Faecalibacterium sp002160895, 95.0, 86.71, 0.472; GCA_019112805.1, s__Faecalibacterium avium, 95.0, 86.7, 0.507; GCA_944386015.1, s__Faecalibacterium sp944386015, 95.0, 85.97, 0.446; GCA_944385995.1, s__Faecalibacterium sp944385995, 95.0, 85.59, 0.406; GCA_904394215.1, s__Faecalibacterium sp904394215, 95.0, 85.24, 0.384; GCA_018883885.1, s__Faecalibacterium intestinavium, 95.0, 83.75, 0.204; GCF_022180365.1, s__Faecalibacterium gallinarum, 95.0, 83.01, 0.213	93.66	11	N/A	N/A
GCA_949299235.fna	d__Bacteria;p__Bacillota_A;c__Clostridia;o__Oscillospirales;f__Ruminococcaceae;g__Faecalibacterium;s__Faecalibacterium intestinigallinarum	GCA_019113345.1	95.0	d__Bacteria;p__Bacillota_A;c__Clostridia;o__Oscillospirales;f__Ruminococcaceae;g__Faecalibacterium;s__Faecalibacterium intestinigallinarum	98.06	0.87	GCA_019113345.1	95.0	d__Bacteria;p__Bacillota_A;c__Clostridia;o__Oscillospirales;f__Ruminococcaceae;g__Faecalibacterium;s__Faecalibacterium intestinigallinarum	98.06	0.87	d__Bacteria;p__Bacillota_A;c__Clostridia;o__Oscillospirales;f__Ruminococcaceae;g__Faecalibacterium;s__	taxonomic classification defined by topology and ANI	topological placement and ANI have congruent species assignments	GCA_019119685.1, s__Faecalibacterium faecigallinarum, 95.0, 90.25, 0.674; GCA_019116585.1, s__Faecalibacterium gallistercoris, 95.0, 90.06, 0.645; GCA_944387975.1, s__Faecalibacterium sp944387975, 95.0, 89.86, 0.657; GCA_019118985.1, s__Faecalibacterium faecipullorum, 95.0, 89.19, 0.588; GCF_002160895.1, s__Faecalibacterium sp002160895, 95.0, 86.37, 0.422; GCA_019112805.1, s__Faecalibacterium avium, 95.0, 85.85, 0.443; GCA_944386015.1, s__Faecalibacterium sp944386015, 95.0, 85.53, 0.394; GCA_944385995.1, s__Faecalibacterium sp944385995, 95.0, 84.86, 0.372; GCA_904394215.1, s__Faecalibacterium sp904394215, 95.0, 84.54, 0.341; GCA_018883885.1, s__Faecalibacterium intestinavium, 95.0, 83.88, 0.227; GCF_022180365.1, s__Faecalibacterium gallinarum, 95.0, 82.53, 0.204; GCA_944387955.1, s__Faecalibacterium sp944387955, 95.0, 82.17, 0.151	94.78	11	N/A	N/A
GCA_963557555.fna	d__Bacteria;p__Bacillota_A;c__Clostridia;o__Oscillospirales;f__Ruminococcaceae;g__Faecalibacterium;s__Faecalibacterium sp900540455	GCA_900540455.1	95.0	d__Bacteria;p__Bacillota_A;c__Clostridia;o__Oscillospirales;f__Ruminococcaceae;g__Faecalibacterium;s__Faecalibacterium sp900540455	98.55	0.905	GCA_900540455.1	95.0	d__Bacteria;p__Bacillota_A;c__Clostridia;o__Oscillospirales;f__Ruminococcaceae;g__Faecalibacterium;s__Faecalibacterium sp900540455	98.55	0.905	d__Bacteria;p__Bacillota_A;c__Clostridia;o__Oscillospirales;f__Ruminococcaceae;g__Faecalibacterium;s__	taxonomic classification defined by topology and ANI	topological placement and ANI have congruent species assignments	GCF_019967995.1, s__Faecalibacterium prausnitzii_E, 95.0, 82.56, 0.153; GCF_003324185.1, s__Faecalibacterium prausnitzii, 95.0, 82.37, 0.152; GCA_004558805.1, s__Faecalibacterium prausnitzii_M, 95.0, 82.13, 0.163; GCF_023347235.1, s__Faecalibacterium prausnitzii_A, 95.0, 82.11, 0.15; GCF_023347295.1, s__Faecalibacterium sp003449675, 95.0, 82.04, 0.164; GCA_934503275.1, s__Faecalibacterium sp934503275, 95.0, 81.25, 0.157	95.79	11	N/A	N/A
GCA_963927485.fna	d__Bacteria;p__Bacillota_A;c__Clostridia;o__Oscillospirales;f__Ruminococcaceae;g__Faecalibacterium;s__Faecalibacterium sp944385995	GCA_944385995.1	95.0	d__Bacteria;p__Bacillota_A;c__Clostridia;o__Oscillospirales;f__Ruminococcaceae;g__Faecalibacterium;s__Faecalibacterium sp944385995	98.65	0.953	GCA_944385995.1	95.0	d__Bacteria;p__Bacillota_A;c__Clostridia;o__Oscillospirales;f__Ruminococcaceae;g__Faecalibacterium;s__Faecalibacterium sp944385995	98.65	0.953	d__Bacteria;p__Bacillota_A;c__Clostridia;o__Oscillospirales;f__Ruminococcaceae;g__Faecalibacterium;s__	taxonomic classification defined by topology and ANI	topological placement and ANI have congruent species assignments	GCA_944386015.1, s__Faecalibacterium sp944386015, 95.0, 89.26, 0.672; GCF_002160895.1, s__Faecalibacterium sp002160895, 95.0, 88.83, 0.569; GCA_904394215.1, s__Faecalibacterium sp904394215, 95.0, 88.54, 0.617; GCA_019116585.1, s__Faecalibacterium gallistercoris, 95.0, 85.62, 0.43; GCA_019113345.1, s__Faecalibacterium intestinigallinarum, 95.0, 85.34, 0.411; GCA_019119685.1, s__Faecalibacterium faecigallinarum, 95.0, 85.3, 0.432; GCA_019118985.1, s__Faecalibacterium faecipullorum, 95.0, 84.27, 0.307; GCA_019112805.1, s__Faecalibacterium avium, 95.0, 84.2, 0.396; GCA_944387975.1, s__Faecalibacterium sp944387975, 95.0, 83.91, 0.266; GCA_018883885.1, s__Faecalibacterium intestinavium, 95.0, 82.96, 0.183; GCF_022180365.1, s__Faecalibacterium gallinarum, 95.0, 82.63, 0.191	93.92	11	N/A	N/A
GCA_963929695.fna	d__Bacteria;p__Bacillota_A;c__Clostridia;o__Oscillospirales;f__Ruminococcaceae;g__Faecalibacterium;s__Faecalibacterium faecigallinarum	GCA_019119685.1	95.0	d__Bacteria;p__Bacillota_A;c__Clostridia;o__Oscillospirales;f__Ruminococcaceae;g__Faecalibacterium;s__Faecalibacterium faecigallinarum	98.05	0.884	GCA_019119685.1	95.0	d__Bacteria;p__Bacillota_A;c__Clostridia;o__Oscillospirales;f__Ruminococcaceae;g__Faecalibacterium;s__Faecalibacterium faecigallinarum	98.05	0.884	d__Bacteria;p__Bacillota_A;c__Clostridia;o__Oscillospirales;f__Ruminococcaceae;g__Faecalibacterium;s__	taxonomic classification defined by topology and ANI	topological placement and ANI have congruent species assignments	GCA_019116585.1, s__Faecalibacterium gallistercoris, 95.0, 91.5, 0.751; GCA_019113345.1, s__Faecalibacterium intestinigallinarum, 95.0, 90.42, 0.688; GCA_944387975.1, s__Faecalibacterium sp944387975, 95.0, 89.35, 0.616; GCA_019118985.1, s__Faecalibacterium faecipullorum, 95.0, 88.12, 0.538; GCA_019112805.1, s__Faecalibacterium avium, 95.0, 87.08, 0.52; GCF_002160895.1, s__Faecalibacterium sp002160895, 95.0, 86.55, 0.408; GCA_944386015.1, s__Faecalibacterium sp944386015, 95.0, 86.44, 0.452; GCA_904394215.1, s__Faecalibacterium sp904394215, 95.0, 85.97, 0.393; GCA_944385995.1, s__Faecalibacterium sp944385995, 95.0, 85.89, 0.413; GCF_022180365.1, s__Faecalibacterium gallinarum, 95.0, 83.58, 0.228; GCA_018883885.1, s__Faecalibacterium intestinavium, 95.0, 83.51, 0.215; GCA_014858325.1, s__Faecalibacterium sp014858325, 95.0, 82.98, 0.153	94.88	11	N/A	N/A
GCA_963931135.fna	d__Bacteria;p__Bacillota_A;c__Clostridia;o__Oscillospirales;f__Ruminococcaceae;g__Faecalibacterium;s__Faecalibacterium intestinigallinarum	GCA_019113345.1	95.0	d__Bacteria;p__Bacillota_A;c__Clostridia;o__Oscillospirales;f__Ruminococcaceae;g__Faecalibacterium;s__Faecalibacterium intestinigallinarum	98.16	0.883	GCA_019113345.1	95.0	d__Bacteria;p__Bacillota_A;c__Clostridia;o__Oscillospirales;f__Ruminococcaceae;g__Faecalibacterium;s__Faecalibacterium intestinigallinarum	98.16	0.883	d__Bacteria;p__Bacillota_A;c__Clostridia;o__Oscillospirales;f__Ruminococcaceae;g__Faecalibacterium;s__	taxonomic classification defined by topology and ANI	topological placement and ANI have congruent species assignments	GCA_019119685.1, s__Faecalibacterium faecigallinarum, 95.0, 90.45, 0.696; GCA_019116585.1, s__Faecalibacterium gallistercoris, 95.0, 90.11, 0.663; GCA_944387975.1, s__Faecalibacterium sp944387975, 95.0, 89.73, 0.666; GCA_019118985.1, s__Faecalibacterium faecipullorum, 95.0, 89.33, 0.606; GCA_019112805.1, s__Faecalibacterium avium, 95.0, 86.16, 0.455; GCF_002160895.1, s__Faecalibacterium sp002160895, 95.0, 86.01, 0.39; GCA_944386015.1, s__Faecalibacterium sp944386015, 95.0, 85.52, 0.398; GCA_944385995.1, s__Faecalibacterium sp944385995, 95.0, 85.02, 0.367; GCA_904394215.1, s__Faecalibacterium sp904394215, 95.0, 84.46, 0.335; GCA_018883885.1, s__Faecalibacterium intestinavium, 95.0, 84.14, 0.236; GCF_022180365.1, s__Faecalibacterium gallinarum, 95.0, 83.42, 0.199	95.71	11	N/A	N/A
GCA_963931455.fna	d__Bacteria;p__Bacillota_A;c__Clostridia;o__Oscillospirales;f__Ruminococcaceae;g__Faecalibacterium;s__Faecalibacterium sp944386015	GCA_944386015.1	95.0	d__Bacteria;p__Bacillota_A;c__Clostridia;o__Oscillospirales;f__Ruminococcaceae;g__Faecalibacterium;s__Faecalibacterium sp944386015	98.49	0.94	GCA_944386015.1	95.0	d__Bacteria;p__Bacillota_A;c__Clostridia;o__Oscillospirales;f__Ruminococcaceae;g__Faecalibacterium;s__Faecalibacterium sp944386015	98.49	0.94	d__Bacteria;p__Bacillota_A;c__Clostridia;o__Oscillospirales;f__Ruminococcaceae;g__Faecalibacterium;s__	taxonomic classification defined by topology and ANI	topological placement and ANI have congruent species assignments	GCA_904394215.1, s__Faecalibacterium sp904394215, 95.0, 92.13, 0.751; GCA_944385995.1, s__Faecalibacterium sp944385995, 95.0, 89.13, 0.644; GCF_002160895.1, s__Faecalibacterium sp002160895, 95.0, 87.69, 0.494; GCA_019116585.1, s__Faecalibacterium gallistercoris, 95.0, 86.03, 0.461; GCA_019119685.1, s__Faecalibacterium faecigallinarum, 95.0, 85.95, 0.455; GCA_019112805.1, s__Faecalibacterium avium, 95.0, 85.81, 0.457; GCA_019113345.1, s__Faecalibacterium intestinigallinarum, 95.0, 85.78, 0.409; GCA_019118985.1, s__Faecalibacterium faecipullorum, 95.0, 85.08, 0.35; GCA_944387975.1, s__Faecalibacterium sp944387975, 95.0, 84.57, 0.329; GCF_022180365.1, s__Faecalibacterium gallinarum, 95.0, 84.01, 0.256; GCA_018883885.1, s__Faecalibacterium intestinavium, 95.0, 83.77, 0.225; GCA_944387955.1, s__Faecalibacterium sp944387955, 95.0, 81.7, 0.164	94.1	11	N/A	N/A
GCA_964379655.fna	d__Bacteria;p__Bacillota_A;c__Clostridia;o__Oscillospirales;f__Ruminococcaceae;g__Faecalibacterium;s__Faecalibacterium gallistercoris	GCA_019116585.1	95.0	d__Bacteria;p__Bacillota_A;c__Clostridia;o__Oscillospirales;f__Ruminococcaceae;g__Faecalibacterium;s__Faecalibacterium gallistercoris	97.96	0.847	GCA_019116585.1	95.0	d__Bacteria;p__Bacillota_A;c__Clostridia;o__Oscillospirales;f__Ruminococcaceae;g__Faecalibacterium;s__Faecalibacterium gallistercoris	97.96	0.847	d__Bacteria;p__Bacillota_A;c__Clostridia;o__Oscillospirales;f__Ruminococcaceae;g__Faecalibacterium;s__	taxonomic classification defined by topology and ANI	topological placement and ANI have congruent species assignments	GCA_019119685.1, s__Faecalibacterium faecigallinarum, 95.0, 91.49, 0.741; GCA_019113345.1, s__Faecalibacterium intestinigallinarum, 95.0, 90.09, 0.645; GCA_944387975.1, s__Faecalibacterium sp944387975, 95.0, 89.33, 0.601; GCA_019118985.1, s__Faecalibacterium faecipullorum, 95.0, 88.47, 0.525; GCA_019112805.1, s__Faecalibacterium avium, 95.0, 86.8, 0.491; GCF_002160895.1, s__Faecalibacterium sp002160895, 95.0, 86.47, 0.419; GCA_944386015.1, s__Faecalibacterium sp944386015, 95.0, 85.3, 0.441; GCA_944385995.1, s__Faecalibacterium sp944385995, 95.0, 85.04, 0.387; GCA_904394215.1, s__Faecalibacterium sp904394215, 95.0, 84.91, 0.372; GCA_018883885.1, s__Faecalibacterium intestinavium, 95.0, 83.63, 0.211; GCF_022180365.1, s__Faecalibacterium gallinarum, 95.0, 82.5, 0.201	91.26	11	N/A	N/A
GCA_965143195.fna	d__Bacteria;p__Bacillota_A;c__Clostridia;o__Oscillospirales;f__Ruminococcaceae;g__Faecalibacterium;s__Faecalibacterium sp900540455	GCA_900540455.1	95.0	d__Bacteria;p__Bacillota_A;c__Clostridia;o__Oscillospirales;f__Ruminococcaceae;g__Faecalibacterium;s__Faecalibacterium sp900540455	98.57	0.886	GCA_900540455.1	95.0	d__Bacteria;p__Bacillota_A;c__Clostridia;o__Oscillospirales;f__Ruminococcaceae;g__Faecalibacterium;s__Faecalibacterium sp900540455	98.57	0.886	d__Bacteria;p__Bacillota_A;c__Clostridia;o__Oscillospirales;f__Ruminococcaceae;g__Faecalibacterium;s__	taxonomic classification defined by topology and ANI	topological placement and ANI have congruent species assignments	GCF_003324185.1, s__Faecalibacterium prausnitzii, 95.0, 82.94, 0.178; GCF_023347295.1, s__Faecalibacterium sp003449675, 95.0, 82.33, 0.184; GCF_023347235.1, s__Faecalibacterium prausnitzii_A, 95.0, 82.33, 0.162; GCF_023347535.1, s__Faecalibacterium sp900539885, 95.0, 82.0, 0.163; GCF_019967995.1, s__Faecalibacterium prausnitzii_E, 95.0, 82.0, 0.159; GCA_025757845.1, s__Faecalibacterium sp900539945, 95.0, 81.45, 0.156; GCA_934503275.1, s__Faecalibacterium sp934503275, 95.0, 81.36, 0.158	95.77	11	N/A	N/A
